,Index,Project ID,visit_no,p-value,trend
0,2,XZ2214,1,0.000027,decreasing
1,4,WA0589,1,0.010224,increasing
2,5,DA1324,1,0.036867,increasing
3,6,JV3994,1,0.118536,no trend
4,7,QF1860,2,0.317779,no trend
5,8,TM2287,2,0.448736,no trend
6,9,BY1872,1,0.589410,no trend
7,10,FM2255,1,0.781516,no trend
8,11,AH3026,4,0.873594,no trend
